UID-FML-PEO1-REP	SLX-23965	UID-FML-PEO1-REP_SLX-23965_000003_SINCEL-211-SC-Plate-276-C1-TGAATG-GGAGAA
UID-FML-PEO1-REP	SLX-23965	UID-FML-PEO1-REP_SLX-23965_000004_SINCEL-211-SC-Plate-276-D1-ATCTAT-AAGCTA
UID-FML-PEO1-REP	SLX-23965	UID-FML-PEO1-REP_SLX-23965_000006_SINCEL-211-SC-Plate-276-F1-ACAAAC-AAGCTA
UID-FML-PEO1-REP	SLX-23965	UID-FML-PEO1-REP_SLX-23965_000008_SINCEL-211-SC-Plate-276-H1-GATATA-AAGCTA
UID-FML-PEO1-REP	SLX-23965	UID-FML-PEO1-REP_SLX-23965_000009_SINCEL-211-SC-Plate-276-I1-ACTTGA-GGAGAA
UID-FML-PEO1-REP	SLX-23965	UID-FML-PEO1-REP_SLX-23965_000010_SINCEL-211-SC-Plate-276-J1-GAATAA-AAGCTA
UID-FML-PEO1-REP	SLX-23965	UID-FML-PEO1-REP_SLX-23965_000012_SINCEL-211-SC-Plate-276-L1-AAACAT-AAGCTA
UID-FML-PEO1-REP	SLX-23965	UID-FML-PEO1-REP_SLX-23965_000013_SINCEL-211-SC-Plate-276-M1-AACTTG-GGAGAA
UID-FML-PEO1-REP	SLX-23965	UID-FML-PEO1-REP_SLX-23965_000014_SINCEL-211-SC-Plate-276-N1-CATTTT-AAGCTA
UID-FML-PEO1-REP	SLX-23965	UID-FML-PEO1-REP_SLX-23965_000016_SINCEL-211-SC-Plate-276-P1-AGATAG-AAGCTA
UID-FML-PEO1-REP	SLX-23965	UID-FML-PEO1-REP_SLX-23965_000017_SINCEL-211-SC-Plate-276-A2-GTGAAA-ATAGAT
UID-FML-PEO1-REP	SLX-23965	UID-FML-PEO1-REP_SLX-23965_000018_SINCEL-211-SC-Plate-276-B2-CTATAC-CCACTC
UID-FML-PEO1-REP	SLX-23965	UID-FML-PEO1-REP_SLX-23965_000019_SINCEL-211-SC-Plate-276-C2-AAAGCA-ATAGAT
UID-FML-PEO1-REP	SLX-23965	UID-FML-PEO1-REP_SLX-23965_000020_SINCEL-211-SC-Plate-276-D2-TAATCG-CCACTC
UID-FML-PEO1-REP	SLX-23965	UID-FML-PEO1-REP_SLX-23965_000021_SINCEL-211-SC-Plate-276-E2-AAATGC-ATAGAT
UID-FML-PEO1-REP	SLX-23965	UID-FML-PEO1-REP_SLX-23965_000022_SINCEL-211-SC-Plate-276-F2-TAGCTT-CCACTC
UID-FML-PEO1-REP	SLX-23965	UID-FML-PEO1-REP_SLX-23965_000023_SINCEL-211-SC-Plate-276-G2-CTAGCT-ATAGAT
UID-FML-PEO1-REP	SLX-23965	UID-FML-PEO1-REP_SLX-23965_000024_SINCEL-211-SC-Plate-276-H2-ACTGAT-CCACTC
UID-FML-PEO1-REP	SLX-23965	UID-FML-PEO1-REP_SLX-23965_000025_SINCEL-211-SC-Plate-276-I2-TCTACC-ATAGAT
UID-FML-PEO1-REP	SLX-23965	UID-FML-PEO1-REP_SLX-23965_000026_SINCEL-211-SC-Plate-276-J2-ACATCT-CCACTC
UID-FML-PEO1-REP	SLX-23965	UID-FML-PEO1-REP_SLX-23965_000027_SINCEL-211-SC-Plate-276-K2-GATCAG-ATAGAT
UID-FML-PEO1-REP	SLX-23965	UID-FML-PEO1-REP_SLX-23965_000028_SINCEL-211-SC-Plate-276-L2-ATCCTA-CCACTC
UID-FML-PEO1-REP	SLX-23965	UID-FML-PEO1-REP_SLX-23965_000029_SINCEL-211-SC-Plate-276-M2-CGATGT-ATAGAT
UID-FML-PEO1-REP	SLX-23965	UID-FML-PEO1-REP_SLX-23965_000030_SINCEL-211-SC-Plate-276-N2-AATAGG-CCACTC
UID-FML-PEO1-REP	SLX-23965	UID-FML-PEO1-REP_SLX-23965_000031_SINCEL-211-SC-Plate-276-O2-TTCTCC-ATAGAT
UID-FML-PEO1-REP	SLX-23965	UID-FML-PEO1-REP_SLX-23965_000032_SINCEL-211-SC-Plate-276-P2-AGAAGA-CCACTC
UID-FML-PEO1-REP	SLX-23965	UID-FML-PEO1-REP_SLX-23965_000033_SINCEL-211-SC-Plate-276-A3-AGGTTT-GGAACT
UID-FML-PEO1-REP	SLX-23965	UID-FML-PEO1-REP_SLX-23965_000034_SINCEL-211-SC-Plate-276-B3-AGTTCC-AGTCTT
UID-FML-PEO1-REP	SLX-23965	UID-FML-PEO1-REP_SLX-23965_000036_SINCEL-211-SC-Plate-276-D3-ATCTAT-AGTCTT
UID-FML-PEO1-REP	SLX-23965	UID-FML-PEO1-REP_SLX-23965_000037_SINCEL-211-SC-Plate-276-E3-CAACTA-GGAACT
