UID-FML-PEO4_SLX-23526_000004_SINCEL-210-SC-Plate-275-D1-CGAGGCCAAG-GTGTTACCGG.bam	1.5	2.5
UID-FML-PEO4_SLX-23526_000006_SINCEL-210-SC-Plate-275-F1-TTCACGAGAC-AGATTGTTAC.bam	1.5	2.5
UID-FML-PEO4_SLX-23526_000007_SINCEL-210-SC-Plate-275-G1-ATTCCATAAG-TGCCTGGTGG.bam	1.5	2.5
UID-FML-PEO4_SLX-23526_000008_SINCEL-210-SC-Plate-275-H1-GCGTGGATGG-TTGACCAATG.bam	1.5	2.5
UID-FML-PEO4_SLX-23526_000009_SINCEL-210-SC-Plate-275-I1-GACGAGATTA-ACATTATCCT.bam	1.5	2.5
UID-FML-PEO4_SLX-23526_000010_SINCEL-210-SC-Plate-275-J1-TCCTGGTTGT-CTGACCGGCA.bam	1.5	2.5
UID-FML-PEO4_SLX-23526_000011_SINCEL-210-SC-Plate-275-K1-AACATCGCGC-GTCCACTTGT.bam	1.5	2.5
UID-FML-PEO4_SLX-23526_000012_SINCEL-210-SC-Plate-275-L1-TAATTCTGCT-TCTCATCAAT.bam	1.5	2.5
UID-FML-PEO4_SLX-23526_000013_SINCEL-210-SC-Plate-275-M1-CTAGTGCTCT-TGGAACAGTA.bam	1.5	2.5
UID-FML-PEO4_SLX-23526_000014_SINCEL-210-SC-Plate-275-N1-CGCACGACTG-GGACCAACAG.bam	1.5	2.5
UID-FML-PEO4_SLX-23526_000015_SINCEL-210-SC-Plate-275-O1-GATCAAGGCA-CCTTGTTAAT.bam	1.5	2.5
UID-FML-PEO4_SLX-23526_000016_SINCEL-210-SC-Plate-275-P1-GAGGTTAGAC-AATGTATTGC.bam	1.5	2.5
UID-FML-PEO4_SLX-23526_000018_SINCEL-210-SC-Plate-275-B2-AGATAGTAGC-GGCACGCCAT.bam	1.5	2.5
UID-FML-PEO4_SLX-23526_000019_SINCEL-210-SC-Plate-275-C2-CACTCAATTC-TTAAGTTGTG.bam	1.5	2.5
UID-FML-PEO4_SLX-23526_000020_SINCEL-210-SC-Plate-275-D2-ATTAGAAGAC-GCAGGCTGGA.bam	1.5	2.5
UID-FML-PEO4_SLX-23526_000021_SINCEL-210-SC-Plate-275-E2-TCTCACACGC-CGGACAGTGA.bam	1.5	2.5
UID-FML-PEO4_SLX-23526_000022_SINCEL-210-SC-Plate-275-F2-GCTCGCACAT-ATGGCTTAAT.bam	1.5	2.5
UID-FML-PEO4_SLX-23526_000023_SINCEL-210-SC-Plate-275-G2-TCAATGGAGA-GCACTACAAC.bam	1.5	2.5
UID-FML-PEO4_SLX-23526_000024_SINCEL-210-SC-Plate-275-H2-AATATTGCCA-CGGTGACACC.bam	1.5	2.5
UID-FML-PEO4_SLX-23526_000025_SINCEL-210-SC-Plate-275-I2-ATATGCATGT-TGGTGCCTGG.bam	1.5	2.5
UID-FML-PEO4_SLX-23526_000026_SINCEL-210-SC-Plate-275-J2-TCGTGCATTC-GCGTTGGTAT.bam	1.5	2.5
UID-FML-PEO4_SLX-23526_000027_SINCEL-210-SC-Plate-275-K2-ATGGCGCCTG-TCCACGGCCT.bam	1.5	2.5
UID-FML-PEO4_SLX-23526_000029_SINCEL-210-SC-Plate-275-M2-TCCGTTATGT-TTGTAGTGTA.bam	1.5	2.5
UID-FML-PEO4_SLX-23526_000030_SINCEL-210-SC-Plate-275-N2-TGCAATGAAT-CCAGAAGTAA.bam	1.5	2.5
UID-FML-PEO4_SLX-23526_000031_SINCEL-210-SC-Plate-275-O2-GGTCTATTAA-CCACGACACG.bam	1.5	2.5
UID-FML-PEO4_SLX-23526_000032_SINCEL-210-SC-Plate-275-P2-CTATGAAGGA-CTTATACCTG.bam	1.5	2.5
UID-FML-PEO4_SLX-23526_000034_SINCEL-210-SC-Plate-275-B3-AACCGAGTTC-GATCTCTGGA.bam	1.5	2.5
UID-FML-PEO4_SLX-23526_000035_SINCEL-210-SC-Plate-275-C3-AGTCAGACGA-ACCAGCGACA.bam	1.5	2.5
UID-FML-PEO4_SLX-23526_000036_SINCEL-210-SC-Plate-275-D3-TGTGATAACT-CAGGCGCCAT.bam	1.5	2.5
UID-FML-PEO4_SLX-23526_000037_SINCEL-210-SC-Plate-275-E3-CCGTATGTTC-CATACACTGT.bam	1.5	2.5
UID-FML-PEO4_SLX-23526_000038_SINCEL-210-SC-Plate-275-F3-AGTATGCTAC-TTAATAGACC.bam	1.5	2.5
UID-FML-PEO4_SLX-23526_000039_SINCEL-210-SC-Plate-275-G3-GAGTCATAGG-GTGTGGCGCT.bam	1.5	2.5
UID-FML-PEO4_SLX-23526_000040_SINCEL-210-SC-Plate-275-H3-GTAACTGAAG-GGAGTCGCGA.bam	1.5	2.5
UID-FML-PEO4_SLX-23526_000041_SINCEL-210-SC-Plate-275-I3-CTTGCCATTA-ATCACGAAGG.bam	1.5	2.5
UID-FML-PEO4_SLX-23526_000042_SINCEL-210-SC-Plate-275-J3-TCCTCGGACT-AACGCCAGAG.bam	1.5	2.5
UID-FML-PEO4_SLX-23526_000043_SINCEL-210-SC-Plate-275-K3-GAAGCGGCAC-CGGCTCTACT.bam	1.5	2.5
UID-FML-PEO4_SLX-23526_000044_SINCEL-210-SC-Plate-275-L3-CTGGAACTGT-CGTAATTAAC.bam	1.5	2.5
UID-FML-PEO4_SLX-23526_000045_SINCEL-210-SC-Plate-275-M3-TCCATTGCCG-GAATGCACGA.bam	1.5	2.5
UID-FML-PEO4_SLX-23526_000046_SINCEL-210-SC-Plate-275-N3-GAATATGCGG-ACGAGACTGA.bam	1.5	2.5
UID-FML-PEO4_SLX-23526_000047_SINCEL-210-SC-Plate-275-O3-CGGTTACGGC-AAGACTATAG.bam	1.5	2.5
UID-FML-PEO4_SLX-23526_000048_SINCEL-210-SC-Plate-275-P3-GATCGGATAA-GTATCGGCCG.bam	1.5	2.5
UID-FML-PEO4_SLX-23526_000050_SINCEL-210-SC-Plate-275-B4-GAAGACTAGA-ACTAGAACTT.bam	1.5	2.5
UID-FML-PEO4_SLX-23526_000051_SINCEL-210-SC-Plate-275-C4-TTCTGTAGAA-GAGCGCAATA.bam	1.5	2.5
UID-FML-PEO4_SLX-23526_000052_SINCEL-210-SC-Plate-275-D4-AGGAGTCGAG-TTAGGCTTAC.bam	1.5	2.5
UID-FML-PEO4_SLX-23526_000053_SINCEL-210-SC-Plate-275-E4-GAACGCAATA-ATCTTACTGT.bam	1.5	2.5
UID-FML-PEO4_SLX-23526_000054_SINCEL-210-SC-Plate-275-F4-TTCACTCACT-TATCATGAGA.bam	1.5	2.5
UID-FML-PEO4_SLX-23526_000055_SINCEL-210-SC-Plate-275-G4-AGTACTCATG-ATGTCGTGGT.bam	1.5	2.5
UID-FML-PEO4_SLX-23526_000056_SINCEL-210-SC-Plate-275-H4-GGTCCGCTTC-CTCACACAAG.bam	1.5	2.5
UID-FML-PEO4_SLX-23526_000057_SINCEL-210-SC-Plate-275-I4-GGTAGAATTA-GTAGCCATCA.bam	1.5	2.5
UID-FML-PEO4_SLX-23526_000058_SINCEL-210-SC-Plate-275-J4-TAGTGGCTTG-AGTTACTTGG.bam	1.5	2.5
UID-FML-PEO4_SLX-23526_000059_SINCEL-210-SC-Plate-275-K4-TAATTAGCGT-TGGTTAAGAA.bam	1.5	2.5
UID-FML-PEO4_SLX-23526_000060_SINCEL-210-SC-Plate-275-L4-ATTGAGGTCC-CGGATTATAT.bam	1.5	2.5
UID-FML-PEO4_SLX-23526_000061_SINCEL-210-SC-Plate-275-M4-ATTAACAAGG-TGTTGTTCGT.bam	1.5	2.5
UID-FML-PEO4_SLX-23526_000062_SINCEL-210-SC-Plate-275-N4-GGAGAGACTC-TTGAAGCAGA.bam	1.5	2.5
UID-FML-PEO4_SLX-23526_000063_SINCEL-210-SC-Plate-275-O4-TGATGGCTAC-CCAACAACAT.bam	1.5	2.5
UID-FML-PEO4_SLX-23526_000064_SINCEL-210-SC-Plate-275-P4-CCGCTCCGTT-TACGGCGAAG.bam	1.5	2.5
UID-FML-PEO4_SLX-23526_000066_SINCEL-210-SC-Plate-275-B5-GCTAGACTAT-AATACGACAT.bam	1.5	2.5
UID-FML-PEO4_SLX-23526_000067_SINCEL-210-SC-Plate-275-C5-AGAGGCAACC-CTAATGATGG.bam	1.5	2.5
UID-FML-PEO4_SLX-23526_000068_SINCEL-210-SC-Plate-275-D5-AGCTACTATA-GTTATATGGC.bam	1.5	2.5
UID-FML-PEO4_SLX-23526_000069_SINCEL-210-SC-Plate-275-E5-CCATCATTAG-GGTTGCCTCT.bam	1.5	2.5
UID-FML-PEO4_SLX-23526_000070_SINCEL-210-SC-Plate-275-F5-CCACCGGAGT-GCCTGCCATG.bam	1.5	2.5
UID-FML-PEO4_SLX-23526_000071_SINCEL-210-SC-Plate-275-G5-GATAGGCCGA-CGCACATGGC.bam	1.5	2.5
UID-FML-PEO4_SLX-23526_000072_SINCEL-210-SC-Plate-275-H5-CTTACCGCAC-TAAGACCTAT.bam	1.5	2.5
UID-FML-PEO4_SLX-23526_000073_SINCEL-210-SC-Plate-275-I5-ATGGTTGACT-GGCCTGTCCT.bam	1.5	2.5
UID-FML-PEO4_SLX-23526_000074_SINCEL-210-SC-Plate-275-J5-TTAGGATATC-TATACCATGG.bam	1.5	2.5
UID-FML-PEO4_SLX-23526_000075_SINCEL-210-SC-Plate-275-K5-TATTGCGCTC-CTGTGTTAGG.bam	1.5	2.5
UID-FML-PEO4_SLX-23526_000076_SINCEL-210-SC-Plate-275-L5-TTATACGCGA-GCCGTCTGTT.bam	1.5	2.5
UID-FML-PEO4_SLX-23526_000077_SINCEL-210-SC-Plate-275-M5-ACGCCTTGTT-TAAGGAACGT.bam	1.5	2.5
UID-FML-PEO4_SLX-23526_000078_SINCEL-210-SC-Plate-275-N5-CGCTTAGAAT-CAGAGTGATA.bam	1.5	2.5
UID-FML-PEO4_SLX-23526_000079_SINCEL-210-SC-Plate-275-O5-TTCTACATAC-CTAACTGTAA.bam	1.5	2.5
UID-FML-PEO4_SLX-23526_000080_SINCEL-210-SC-Plate-275-P5-CCGAAGCGCT-TGCTAACTAT.bam	1.5	2.5
UID-FML-PEO4_SLX-23526_000081_SINCEL-210-SC-Plate-275-A6-GAATTACAAG-ACCGGCTCAG.bam	1.5	2.5
UID-FML-PEO4_SLX-23526_000082_SINCEL-210-SC-Plate-275-B6-ATACATCACA-TCTCCATTGA.bam	1.5	2.5
UID-FML-PEO4_SLX-23526_000083_SINCEL-210-SC-Plate-275-C6-TAGAATTGGA-GTTAATCTGA.bam	1.5	2.5
UID-FML-PEO4_SLX-23526_000084_SINCEL-210-SC-Plate-275-D6-TAGGTATGTT-CGAGACCAAG.bam	1.5	2.5
UID-FML-PEO4_SLX-23526_000085_SINCEL-210-SC-Plate-275-E6-AGGCAGCTCT-CGGCTAACGT.bam	1.5	2.5
UID-FML-PEO4_SLX-23526_000086_SINCEL-210-SC-Plate-275-F6-CACCTAGCAC-TGCTGGACAT.bam	1.5	2.5
UID-FML-PEO4_SLX-23526_000087_SINCEL-210-SC-Plate-275-G6-ATCGGCGAAG-TCCAAGAATT.bam	1.5	2.5
UID-FML-PEO4_SLX-23526_000088_SINCEL-210-SC-Plate-275-H6-TTCAAGTATG-GATGGTATCG.bam	1.5	2.5
UID-FML-PEO4_SLX-23526_000089_SINCEL-210-SC-Plate-275-I6-CCGTGACCGA-CCGAACGTTG.bam	1.5	2.5
UID-FML-PEO4_SLX-23526_000090_SINCEL-210-SC-Plate-275-J6-TTAAGACAAG-GGCTTAATTG.bam	1.5	2.5
UID-FML-PEO4_SLX-23526_000091_SINCEL-210-SC-Plate-275-K6-ATACTTGTTC-TAACCGCCGA.bam	1.5	2.5
UID-FML-PEO4_SLX-23526_000092_SINCEL-210-SC-Plate-275-L6-CACCTCTCTT-CTCGACTCCT.bam	1.5	2.5
UID-FML-PEO4_SLX-23526_000093_SINCEL-210-SC-Plate-275-M6-TCCGCCAATT-CTCCGTGCTG.bam	1.5	2.5
UID-FML-PEO4_SLX-23526_000094_SINCEL-210-SC-Plate-275-N6-TTCTCGTGCA-ATACACAGAG.bam	1.5	2.5
UID-FML-PEO4_SLX-23526_000095_SINCEL-210-SC-Plate-275-O6-AGGACAGGCC-CATTCCAGCT.bam	1.5	2.5
UID-FML-PEO4_SLX-23526_000096_SINCEL-210-SC-Plate-275-P6-GCTAGGAAGT-TCTCGGACGA.bam	1.5	2.5
UID-FML-PEO4_SLX-23526_000097_SINCEL-210-SC-Plate-275-A7-AACCATAGAA-GGCGAGATGG.bam	1.5	2.5
UID-FML-PEO4_SLX-23526_000098_SINCEL-210-SC-Plate-275-B7-CACTATCAAC-TCAGTTAATG.bam	1.5	2.5
UID-FML-PEO4_SLX-23526_000099_SINCEL-210-SC-Plate-275-C7-GGTTGCGAGG-AATAGAGCAA.bam	1.5	2.5
UID-FML-PEO4_SLX-23526_000100_SINCEL-210-SC-Plate-275-D7-TTGCTCTATT-GTGACCTTGA.bam	1.5	2.5
UID-FML-PEO4_SLX-23526_000101_SINCEL-210-SC-Plate-275-E7-TAAGCATCCA-TCAATCCATT.bam	1.5	2.5
UID-FML-PEO4_SLX-23526_000102_SINCEL-210-SC-Plate-275-F7-TTACAGTTAG-ACATGCATAT.bam	1.5	2.5
UID-FML-PEO4_SLX-23526_000103_SINCEL-210-SC-Plate-275-G7-ACCACGACAT-TCGTATGCGG.bam	1.5	2.5
UID-FML-PEO4_SLX-23526_000104_SINCEL-210-SC-Plate-275-H7-CTAAGTACGC-AACATACCTA.bam	1.5	2.5
UID-FML-PEO4_SLX-23526_000105_SINCEL-210-SC-Plate-275-I7-GCCGCACTCT-TCCGACCTCG.bam	1.5	2.5
UID-FML-PEO4_SLX-23526_000106_SINCEL-210-SC-Plate-275-J7-TAGTTCGGTA-CCATGTGTAG.bam	1.5	2.5
UID-FML-PEO4_SLX-23526_000107_SINCEL-210-SC-Plate-275-K7-CCACCAGGCA-CTTATGGAAT.bam	1.5	2.5
UID-FML-PEO4_SLX-23526_000108_SINCEL-210-SC-Plate-275-L7-CTATTACTAC-GAGTCTCTCC.bam	1.5	2.5
UID-FML-PEO4_SLX-23526_000109_SINCEL-210-SC-Plate-275-M7-GTGACACGCA-GCTTACGGAC.bam	1.5	2.5
